csvbase_row_id,CST,Max Temperature [F],Mean Temperature [F],Min Temperature [F],Max Dew Point [F],Mean Dew Point [F],Min Dewpoint [F],Max Humidity,Mean Humidity,Min Humidity,Max Sea Level Pressure [In],Mean Sea Level Pressure [In],Min Sea Level Pressure [In],Max Visibility [Miles],Mean Visibility [Miles],Min Visibility [Miles],Max Wind Speed [MPH],Mean Wind Speed[MPH],Max Gust Speed [MPH],Precipitation [In],CloudCover,Events,WindDir [Degrees],Month
1,2016-1-1,37,24,11,19.000000,13.000000,8.000000,88.000000,68.000000,47.000000,30.500000,30.390000,30.300000,10.000000,10.000000,10.000000,20.000000,9.000000,23.000000,0,0.000000,,280.000000,January
2,2016-1-2,41,23,5,22.000000,14.000000,4.000000,100.000000,72.000000,44.000000,30.350000,30.300000,30.220000,10.000000,10.000000,10.000000,15.000000,6.000000,18.000000,0,0.000000,,312.000000,January
3,2016-1-3,37,23,8,23.000000,15.000000,8.000000,92.000000,73.000000,54.000000,30.500000,30.420000,30.320000,10.000000,10.000000,10.000000,13.000000,5.000000,14.000000,0,0.000000,,330.000000,January
4,2016-1-4,30,17,4,24.000000,13.000000,2.000000,92.000000,82.000000,72.000000,30.500000,30.390000,30.180000,10.000000,9.000000,6.000000,17.000000,7.000000,23.000000,0,1.000000,,155.000000,January
5,2016-1-5,38,29,19,29.000000,25.000000,19.000000,96.000000,83.000000,70.000000,30.200000,30.060000,29.990000,10.000000,8.000000,5.000000,22.000000,13.000000,28.000000,0,4.000000,,178.000000,January
6,2016-1-6,34,33,32,33.000000,32.000000,29.000000,100.000000,91.000000,82.000000,29.980000,29.900000,29.810000,10.000000,4.000000,0.000000,16.000000,7.000000,21.000000,T,8.000000,Fog,167.000000,January
7,2016-1-7,33,30,27,32.000000,30.000000,25.000000,100.000000,96.000000,92.000000,29.910000,29.860000,29.780000,9.000000,3.000000,0.000000,16.000000,7.000000,21.000000,0,8.000000,Fog,7.000000,January
8,2016-1-8,28,25,22,25.000000,22.000000,18.000000,92.000000,85.000000,78.000000,30.120000,29.950000,29.790000,10.000000,6.000000,2.000000,25.000000,16.000000,32.000000,0,8.000000,Snow,338.000000,January
9,2016-1-9,22,9,-4,17.000000,4.000000,-8.000000,87.000000,77.000000,67.000000,30.400000,30.250000,30.040000,10.000000,9.000000,5.000000,25.000000,14.000000,28.000000,T,5.000000,Snow,340.000000,January
10,2016-1-10,31,11,-9,20.000000,5.000000,-13.000000,87.000000,75.000000,63.000000,30.400000,30.210000,30.030000,10.000000,10.000000,10.000000,10.000000,5.000000,12.000000,0,0.000000,,268.000000,January
11,2016-1-11,37,28,18,27.000000,24.000000,16.000000,84.000000,74.000000,64.000000,30.030000,29.960000,29.880000,10.000000,10.000000,10.000000,25.000000,14.000000,34.000000,0,7.000000,,310.000000,January
12,2016-1-12,34,24,14,25.000000,18.000000,10.000000,88.000000,79.000000,69.000000,30.280000,30.140000,29.960000,10.000000,10.000000,5.000000,20.000000,6.000000,25.000000,T,5.000000,Snow,338.000000,January
13,2016-1-13,47,33,19,29.000000,24.000000,18.000000,92.000000,69.000000,45.000000,30.070000,29.910000,29.660000,10.000000,10.000000,10.000000,15.000000,5.000000,18.000000,0,0.000000,,230.000000,January
14,2016-1-14,51,40,28,31.000000,26.000000,20.000000,82.000000,59.000000,36.000000,29.650000,29.560000,29.460000,10.000000,10.000000,10.000000,35.000000,12.000000,47.000000,0,2.000000,,300.000000,January
15,2016-1-15,35,29,23,23.000000,20.000000,18.000000,81.000000,69.000000,56.000000,30.030000,29.820000,29.620000,10.000000,10.000000,10.000000,35.000000,12.000000,42.000000,0,5.000000,,350.000000,January
16,2016-1-16,30,19,7,22.000000,14.000000,0.000000,88.000000,78.000000,67.000000,30.260000,30.080000,29.970000,10.000000,8.000000,1.000000,22.000000,10.000000,29.000000,T,7.000000,Snow,339.000000,January
17,2016-1-17,15,5,-5,1.000000,-3.000000,-10.000000,83.000000,68.000000,53.000000,30.450000,30.370000,30.150000,10.000000,10.000000,10.000000,20.000000,9.000000,25.000000,T,1.000000,,324.000000,January
18,2016-1-18,26,11,-4,18.000000,8.000000,-8.000000,86.000000,77.000000,68.000000,30.440000,30.280000,30.070000,10.000000,10.000000,4.000000,17.000000,7.000000,22.000000,T,6.000000,Snow,155.000000,January
19,2016-1-19,25,22,19,21.000000,17.000000,15.000000,91.000000,86.000000,81.000000,30.310000,30.190000,30.080000,10.000000,5.000000,1.000000,13.000000,6.000000,17.000000,0.2,8.000000,Snow,144.000000,January
20,2016-1-20,32,28,24,28.000000,26.000000,21.000000,100.000000,92.000000,84.000000,30.180000,30.030000,29.890000,10.000000,7.000000,1.000000,18.000000,10.000000,23.000000,0.01,8.000000,Snow,163.000000,January
21,2016-1-21,29,25,21,27.000000,23.000000,19.000000,92.000000,87.000000,81.000000,30.440000,30.250000,30.030000,10.000000,8.000000,2.000000,17.000000,9.000000,22.000000,T,8.000000,Snow,344.000000,January
22,2016-1-22,25,22,19,21.000000,19.000000,17.000000,96.000000,92.000000,88.000000,30.470000,30.370000,30.180000,10.000000,8.000000,2.000000,15.000000,7.000000,19.000000,0,8.000000,,262.000000,January
23,2016-1-23,36,28,20,30.000000,24.000000,19.000000,100.000000,88.000000,75.000000,30.260000,29.990000,29.840000,10.000000,6.000000,0.000000,21.000000,10.000000,25.000000,T,5.000000,Fog,194.000000,January
24,2016-1-24,41,30,19,32.000000,25.000000,18.000000,100.000000,88.000000,76.000000,29.900000,29.770000,29.670000,10.000000,6.000000,1.000000,13.000000,4.000000,16.000000,0,2.000000,,65.000000,January
25,2016-1-25,30,26,22,28.000000,25.000000,21.000000,100.000000,88.000000,75.000000,30.190000,29.880000,29.680000,10.000000,6.000000,1.000000,30.000000,16.000000,39.000000,0.05,8.000000,Snow,337.000000,January
26,2016-1-26,42,29,15,28.000000,21.000000,13.000000,88.000000,71.000000,53.000000,30.320000,30.250000,30.120000,10.000000,10.000000,10.000000,16.000000,7.000000,21.000000,0,2.000000,,297.000000,January
27,2016-1-27,49,33,17,35.000000,25.000000,15.000000,92.000000,74.000000,56.000000,30.240000,30.130000,30.060000,10.000000,10.000000,10.000000,22.000000,7.000000,28.000000,0,1.000000,,294.000000,January
28,2016-1-28,51,41,31,33.000000,30.000000,28.000000,89.000000,70.000000,50.000000,30.050000,29.980000,29.830000,10.000000,10.000000,10.000000,15.000000,7.000000,18.000000,0,0.000000,,293.000000,January
29,2016-1-29,54,41,27,37.000000,31.000000,26.000000,92.000000,71.000000,50.000000,29.820000,29.720000,29.650000,10.000000,10.000000,10.000000,26.000000,9.000000,36.000000,0,0.000000,,285.000000,January
30,2016-1-30,49,39,28,38.000000,32.000000,27.000000,92.000000,79.000000,65.000000,29.690000,29.620000,29.520000,10.000000,10.000000,10.000000,18.000000,7.000000,23.000000,T,2.000000,Rain,254.000000,January
31,2016-1-31,47,35,22,34.000000,26.000000,19.000000,96.000000,67.000000,37.000000,30.010000,29.840000,29.700000,10.000000,10.000000,10.000000,25.000000,9.000000,30.000000,0.01,1.000000,,303.000000,January
32,2016-2-1,42,31,20,31.000000,26.000000,17.000000,96.000000,72.000000,48.000000,30.050000,29.960000,29.870000,10.000000,7.000000,1.000000,17.000000,7.000000,22.000000,0.03,6.000000,Snow,75.000000,February
33,2016-2-2,32,27,21,30.000000,25.000000,16.000000,92.000000,87.000000,81.000000,29.980000,29.720000,29.570000,10.000000,1.000000,0.000000,38.000000,27.000000,53.000000,0.09,8.000000,Fog-Snow,12.000000,February
34,2016-2-3,27,17,6,16.000000,12.000000,4.000000,84.000000,72.000000,60.000000,30.280000,30.160000,29.900000,10.000000,10.000000,9.000000,24.000000,10.000000,31.000000,0,4.000000,Snow,314.000000,February
35,2016-2-4,33,18,2,18.000000,10.000000,0.000000,91.000000,73.000000,55.000000,30.370000,30.310000,30.240000,10.000000,10.000000,10.000000,13.000000,4.000000,16.000000,0,0.000000,,296.000000,February
36,2016-2-5,39,28,17,29.000000,23.000000,13.000000,96.000000,78.000000,59.000000,30.330000,30.280000,30.200000,10.000000,8.000000,2.000000,23.000000,7.000000,27.000000,T,6.000000,Snow,310.000000,February
37,2016-2-6,39,24,10,29.000000,17.000000,6.000000,96.000000,82.000000,60.000000,30.320000,30.160000,29.990000,10.000000,6.000000,0.000000,18.000000,5.000000,,0,0.000000,Fog,241.000000,February
38,2016-2-7,42,36,30,27.000000,21.000000,15.000000,75.000000,54.000000,33.000000,30.180000,30.110000,30.040000,10.000000,10.000000,10.000000,45.000000,24.000000,56.000000,0,2.000000,,315.000000,February
39,2016-2-8,36,31,25,18.000000,17.000000,16.000000,68.000000,58.000000,47.000000,30.300000,30.230000,30.150000,10.000000,10.000000,10.000000,39.000000,24.000000,50.000000,0,1.000000,,324.000000,February
40,2016-2-9,29,26,22,22.000000,15.000000,9.000000,75.000000,61.000000,46.000000,30.400000,30.290000,30.170000,10.000000,10.000000,10.000000,23.000000,9.000000,26.000000,0,7.000000,,334.000000,February
41,2016-2-10,56,37,17,32.000000,26.000000,16.000000,96.000000,67.000000,38.000000,30.190000,30.030000,29.860000,10.000000,10.000000,10.000000,17.000000,5.000000,20.000000,0,2.000000,,343.000000,February
42,2016-2-11,38,32,26,30.000000,27.000000,24.000000,100.000000,91.000000,82.000000,30.300000,30.180000,30.040000,10.000000,8.000000,2.000000,20.000000,9.000000,23.000000,0,7.000000,,164.000000,February
43,2016-2-12,29,23,17,26.000000,20.000000,11.000000,92.000000,78.000000,63.000000,30.620000,30.460000,30.250000,10.000000,9.000000,2.000000,16.000000,9.000000,19.000000,0,7.000000,,13.000000,February
44,2016-2-13,23,19,15,12.000000,9.000000,5.000000,80.000000,66.000000,51.000000,30.600000,30.330000,29.980000,10.000000,10.000000,10.000000,23.000000,13.000000,29.000000,0,7.000000,,157.000000,February
45,2016-2-14,49,35,20,32.000000,28.000000,11.000000,89.000000,68.000000,46.000000,30.020000,29.890000,29.820000,10.000000,10.000000,3.000000,24.000000,10.000000,30.000000,T,5.000000,Snow,293.000000,February
46,2016-2-15,49,36,23,34.000000,29.000000,22.000000,92.000000,74.000000,56.000000,29.910000,29.790000,29.660000,10.000000,9.000000,2.000000,16.000000,7.000000,19.000000,T,2.000000,Rain,268.000000,February
47,2016-2-16,47,41,34,36.000000,31.000000,28.000000,85.000000,67.000000,49.000000,30.040000,29.940000,29.760000,10.000000,10.000000,10.000000,36.000000,13.000000,46.000000,T,6.000000,Rain,316.000000,February
48,2016-2-17,57,41,25,36.000000,32.000000,24.000000,92.000000,68.000000,43.000000,30.110000,30.020000,29.910000,10.000000,10.000000,10.000000,12.000000,5.000000,15.000000,0,0.000000,,141.000000,February
49,2016-2-18,62,48,33,40.000000,35.000000,31.000000,89.000000,66.000000,43.000000,29.870000,29.590000,29.390000,10.000000,10.000000,10.000000,15.000000,7.000000,19.000000,0,0.000000,,160.000000,February
50,2016-2-19,67,52,37,35.000000,25.000000,18.000000,92.000000,54.000000,15.000000,29.920000,29.780000,29.400000,10.000000,10.000000,10.000000,45.000000,17.000000,59.000000,0,0.000000,,270.000000,February
51,2016-2-20,58,42,26,35.000000,28.000000,22.000000,85.000000,57.000000,28.000000,30.170000,30.020000,29.920000,10.000000,10.000000,10.000000,12.000000,4.000000,14.000000,T,1.000000,,51.000000,February
52,2016-2-21,50,40,29,36.000000,32.000000,27.000000,100.000000,75.000000,50.000000,30.300000,30.240000,30.080000,10.000000,10.000000,10.000000,29.000000,12.000000,35.000000,0,3.000000,,334.000000,February
53,2016-2-22,47,35,23,35.000000,28.000000,21.000000,100.000000,80.000000,60.000000,30.260000,30.090000,29.950000,10.000000,5.000000,0.000000,16.000000,7.000000,23.000000,T,6.000000,Fog,174.000000,February
54,2016-2-23,48,36,23,31.000000,22.000000,17.000000,100.000000,66.000000,31.000000,30.190000,30.130000,30.040000,10.000000,10.000000,8.000000,28.000000,12.000000,34.000000,0,1.000000,,329.000000,February
55,2016-2-24,50,35,20,32.000000,22.000000,17.000000,91.000000,64.000000,36.000000,30.240000,30.130000,30.020000,10.000000,10.000000,9.000000,38.000000,12.000000,46.000000,T,2.000000,Rain-Snow,329.000000,February
56,2016-2-25,40,31,22,24.000000,20.000000,18.000000,81.000000,63.000000,44.000000,30.460000,30.350000,30.210000,10.000000,10.000000,10.000000,24.000000,12.000000,31.000000,T,4.000000,,323.000000,February
57,2016-2-26,58,39,19,24.000000,20.000000,17.000000,84.000000,53.000000,22.000000,30.300000,30.170000,30.070000,10.000000,10.000000,10.000000,21.000000,8.000000,27.000000,0,1.000000,,271.000000,February
58,2016-2-27,75,50,24,22.000000,21.000000,20.000000,0.000000,0.000000,0.000000,30.060000,30.000000,29.960000,10.000000,10.000000,10.000000,12.000000,0.000000,14.000000,0,0.000000,,205.000000,February
59,2016-2-28,58,44,29,,,,,,,,,,,,,36.000000,18.000000,45.000000,0,,,,February
60,2016-2-29,50,34,18,21.000000,17.000000,15.000000,84.000000,68.000000,52.000000,30.120000,30.040000,29.950000,10.000000,8.000000,2.000000,23.000000,11.000000,28.000000,T,5.000000,Snow,353.000000,February
61,2016-3-1,48,32,16,25.000000,19.000000,14.000000,92.000000,67.000000,42.000000,30.290000,30.160000,30.050000,10.000000,10.000000,8.000000,17.000000,8.000000,22.000000,T,4.000000,Snow,338.000000,March
62,2016-3-2,54,39,24,35.000000,26.000000,21.000000,88.000000,63.000000,38.000000,30.090000,29.870000,29.710000,10.000000,10.000000,10.000000,20.000000,6.000000,23.000000,0.02,4.000000,Rain,125.000000,March
63,2016-3-3,47,38,29,34.000000,31.000000,26.000000,96.000000,75.000000,53.000000,30.160000,30.090000,29.940000,10.000000,10.000000,8.000000,18.000000,9.000000,24.000000,0,3.000000,,356.000000,March
64,2016-3-4,63,45,27,34.000000,27.000000,22.000000,92.000000,58.000000,23.000000,30.180000,30.050000,29.960000,10.000000,9.000000,6.000000,30.000000,12.000000,38.000000,0,0.000000,,27.000000,March
65,2016-3-5,70,45,20,30.000000,23.000000,18.000000,88.000000,51.000000,14.000000,30.230000,30.100000,29.910000,10.000000,10.000000,10.000000,23.000000,9.000000,27.000000,0,0.000000,,192.000000,March
66,2016-3-6,72,56,39,44.000000,35.000000,25.000000,86.000000,59.000000,32.000000,29.890000,29.660000,29.520000,10.000000,10.000000,10.000000,20.000000,10.000000,25.000000,0,0.000000,,174.000000,March
67,2016-3-7,79,55,30,51.000000,39.000000,21.000000,100.000000,56.000000,12.000000,29.500000,29.460000,29.360000,10.000000,5.000000,0.000000,28.000000,9.000000,36.000000,0,3.000000,Fog,166.000000,March
68,2016-3-8,55,45,34,38.000000,36.000000,29.000000,89.000000,69.000000,49.000000,29.910000,29.740000,29.510000,10.000000,10.000000,10.000000,23.000000,11.000000,29.000000,0,3.000000,,308.000000,March
69,2016-3-9,65,43,20,37.000000,27.000000,19.000000,96.000000,62.000000,27.000000,30.040000,29.940000,29.870000,10.000000,6.000000,0.000000,21.000000,7.000000,29.000000,0,2.000000,Fog,291.000000,March
70,2016-3-10,63,46,28,36.000000,32.000000,28.000000,96.000000,65.000000,34.000000,30.170000,30.130000,30.060000,10.000000,10.000000,10.000000,12.000000,4.000000,16.000000,0,0.000000,,341.000000,March
71,2016-3-11,73,50,27,35.000000,31.000000,29.000000,96.000000,59.000000,22.000000,30.170000,30.100000,30.020000,10.000000,10.000000,7.000000,29.000000,12.000000,37.000000,0,0.000000,,181.000000,March
72,2016-3-12,64,46,28,51.000000,42.000000,26.000000,100.000000,71.000000,42.000000,30.020000,29.840000,29.750000,10.000000,10.000000,4.000000,20.000000,9.000000,25.000000,0,5.000000,,149.000000,March
73,2016-3-13,71,55,39,52.000000,48.000000,33.000000,100.000000,68.000000,35.000000,29.740000,29.670000,29.570000,10.000000,8.000000,2.000000,16.000000,9.000000,21.000000,0,5.000000,,190.000000,March
74,2016-3-14,75,53,30,47.000000,35.000000,29.000000,93.000000,56.000000,19.000000,29.680000,29.610000,29.490000,10.000000,10.000000,9.000000,31.000000,5.000000,43.000000,0.08,2.000000,Rain,228.000000,March
75,2016-3-15,57,45,33,42.000000,33.000000,23.000000,92.000000,64.000000,35.000000,29.900000,29.750000,29.570000,10.000000,10.000000,10.000000,32.000000,12.000000,41.000000,0.02,2.000000,,314.000000,March
76,2016-3-16,54,40,25,27.000000,23.000000,20.000000,81.000000,56.000000,30.000000,30.020000,29.970000,29.890000,10.000000,10.000000,10.000000,29.000000,10.000000,34.000000,T,1.000000,Rain,306.000000,March
77,2016-3-17,54,37,20,23.000000,18.000000,13.000000,77.000000,49.000000,21.000000,30.170000,30.050000,29.990000,10.000000,10.000000,10.000000,26.000000,8.000000,33.000000,0,1.000000,,323.000000,March
78,2016-3-18,44,31,18,18.000000,14.000000,11.000000,77.000000,54.000000,30.000000,30.300000,30.250000,30.170000,10.000000,10.000000,10.000000,26.000000,13.000000,38.000000,0,4.000000,,319.000000,March
79,2016-3-19,38,30,21,21.000000,19.000000,14.000000,84.000000,68.000000,52.000000,30.480000,30.360000,30.290000,10.000000,10.000000,7.000000,29.000000,16.000000,34.000000,T,6.000000,Snow,324.000000,March
80,2016-3-20,50,33,15,22.000000,18.000000,12.000000,92.000000,60.000000,27.000000,30.510000,30.370000,30.150000,10.000000,10.000000,10.000000,17.000000,8.000000,25.000000,0,1.000000,,253.000000,March
81,2016-3-21,79,55,30,33.000000,24.000000,18.000000,59.000000,38.000000,16.000000,30.130000,29.810000,29.560000,10.000000,10.000000,10.000000,21.000000,10.000000,26.000000,0,0.000000,,194.000000,March
82,2016-3-22,71,58,44,38.000000,33.000000,27.000000,60.000000,44.000000,27.000000,29.550000,29.510000,29.450000,10.000000,10.000000,6.000000,21.000000,10.000000,25.000000,0,0.000000,,51.000000,March
83,2016-3-23,50,40,29,39.000000,31.000000,27.000000,100.000000,81.000000,61.000000,29.940000,29.640000,29.470000,10.000000,4.000000,0.000000,45.000000,25.000000,61.000000,0.91,7.000000,Fog-Rain-Snow,20.000000,March
84,2016-3-24,41,30,18,27.000000,19.000000,11.000000,85.000000,62.000000,38.000000,30.080000,30.000000,29.880000,10.000000,8.000000,1.000000,35.000000,10.000000,41.000000,T,2.000000,Snow,337.000000,March
85,2016-3-25,55,38,21,32.000000,27.000000,19.000000,82.000000,62.000000,41.000000,29.950000,29.830000,29.730000,10.000000,10.000000,10.000000,16.000000,8.000000,20.000000,T,5.000000,,165.000000,March
86,2016-3-26,38,31,23,36.000000,26.000000,14.000000,96.000000,79.000000,62.000000,30.230000,30.040000,29.850000,10.000000,10.000000,6.000000,28.000000,17.000000,33.000000,0,6.000000,,332.000000,March
87,2016-3-27,58,37,15,30.000000,20.000000,11.000000,80.000000,54.000000,27.000000,30.240000,30.120000,30.010000,10.000000,10.000000,10.000000,13.000000,5.000000,18.000000,0,0.000000,,213.000000,March
88,2016-3-28,66,45,23,33.000000,28.000000,21.000000,88.000000,56.000000,24.000000,30.030000,29.950000,29.870000,10.000000,10.000000,10.000000,23.000000,9.000000,29.000000,0,0.000000,,153.000000,March
89,2016-3-29,58,50,41,43.000000,37.000000,26.000000,82.000000,64.000000,45.000000,29.940000,29.790000,29.610000,10.000000,10.000000,4.000000,29.000000,14.000000,42.000000,0.21,7.000000,Rain,135.000000,March
90,2016-3-30,56,47,38,47.000000,44.000000,37.000000,93.000000,74.000000,55.000000,29.630000,29.560000,29.510000,10.000000,9.000000,2.000000,24.000000,13.000000,30.000000,0.03,8.000000,Rain,3.000000,March
91,2016-3-31,45,39,33,39.000000,33.000000,28.000000,92.000000,73.000000,53.000000,29.910000,29.710000,29.580000,10.000000,10.000000,7.000000,40.000000,20.000000,49.000000,0.08,8.000000,Rain,316.000000,March
92,2016-4-1,42,35,28,30.000000,24.000000,18.000000,85.000000,62.000000,39.000000,30.160000,30.060000,29.870000,10.000000,10.000000,8.000000,33.000000,17.000000,41.000000,T,3.000000,Snow,310.000000,April
93,2016-4-2,63,48,33,33.000000,29.000000,19.000000,76.000000,52.000000,27.000000,30.130000,30.050000,29.950000,10.000000,10.000000,10.000000,21.000000,11.000000,27.000000,0,1.000000,,278.000000,April
94,2016-4-3,78,60,41,39.000000,34.000000,31.000000,63.000000,41.000000,19.000000,29.990000,29.840000,29.760000,10.000000,10.000000,10.000000,30.000000,15.000000,37.000000,0,0.000000,,284.000000,April
95,2016-4-4,61,49,37,37.000000,30.000000,25.000000,82.000000,57.000000,31.000000,30.300000,30.190000,30.030000,10.000000,10.000000,10.000000,16.000000,8.000000,22.000000,0,1.000000,,88.000000,April
96,2016-4-5,70,56,42,44.000000,35.000000,24.000000,71.000000,52.000000,33.000000,30.120000,29.900000,29.780000,10.000000,9.000000,6.000000,32.000000,13.000000,41.000000,0,0.000000,,223.000000,April
97,2016-4-6,65,52,39,35.000000,30.000000,27.000000,70.000000,49.000000,27.000000,29.960000,29.890000,29.820000,10.000000,10.000000,10.000000,40.000000,24.000000,54.000000,T,4.000000,,320.000000,April
98,2016-4-7,58,45,31,34.000000,26.000000,20.000000,64.000000,44.000000,24.000000,30.180000,30.050000,29.930000,10.000000,10.000000,9.000000,44.000000,21.000000,55.000000,0,2.000000,,323.000000,April
99,2016-4-8,59,42,25,28.000000,24.000000,22.000000,88.000000,58.000000,28.000000,30.230000,30.200000,30.160000,10.000000,10.000000,10.000000,22.000000,9.000000,33.000000,0,0.000000,,348.000000,April
100,2016-4-9,65,46,26,44.000000,24.000000,13.000000,63.000000,44.000000,25.000000,30.200000,29.910000,29.550000,10.000000,10.000000,10.000000,28.000000,13.000000,38.000000,0,0.000000,,151.000000,April
101,2016-4-10,60,51,41,47.000000,37.000000,27.000000,77.000000,54.000000,30.000000,29.990000,29.750000,29.510000,10.000000,10.000000,10.000000,28.000000,14.000000,36.000000,T,2.000000,,331.000000,April
102,2016-4-11,55,40,25,29.000000,24.000000,22.000000,81.000000,55.000000,28.000000,30.250000,30.180000,30.000000,10.000000,10.000000,8.000000,16.000000,7.000000,22.000000,0,0.000000,,17.000000,April
103,2016-4-12,70,50,30,38.000000,29.000000,17.000000,61.000000,44.000000,26.000000,30.260000,30.120000,29.980000,10.000000,10.000000,10.000000,31.000000,15.000000,40.000000,0,0.000000,,174.000000,April
104,2016-4-13,78,60,41,46.000000,38.000000,32.000000,67.000000,46.000000,25.000000,30.010000,29.960000,29.900000,10.000000,10.000000,10.000000,21.000000,10.000000,29.000000,0,0.000000,,193.000000,April
105,2016-4-14,75,61,46,51.000000,44.000000,37.000000,89.000000,59.000000,29.000000,29.970000,29.890000,29.770000,10.000000,10.000000,10.000000,25.000000,15.000000,35.000000,0,0.000000,,177.000000,April
106,2016-4-15,71,63,55,50.000000,48.000000,45.000000,77.000000,61.000000,45.000000,29.820000,29.770000,29.720000,10.000000,10.000000,10.000000,25.000000,17.000000,38.000000,T,4.000000,,164.000000,April
107,2016-4-16,61,52,42,56.000000,50.000000,41.000000,100.000000,80.000000,60.000000,30.110000,30.000000,29.840000,10.000000,7.000000,2.000000,24.000000,13.000000,28.000000,1.72,7.000000,Rain,105.000000,April
108,2016-4-17,46,44,41,44.000000,41.000000,39.000000,100.000000,95.000000,89.000000,30.300000,30.180000,30.070000,10.000000,5.000000,2.000000,22.000000,13.000000,27.000000,1.82,8.000000,Rain,345.000000,April
109,2016-4-18,51,46,40,44.000000,40.000000,38.000000,100.000000,87.000000,74.000000,30.300000,30.230000,30.180000,10.000000,8.000000,1.000000,21.000000,12.000000,27.000000,0.36,8.000000,Rain,323.000000,April
110,2016-4-19,57,46,35,48.000000,42.000000,36.000000,100.000000,81.000000,61.000000,30.250000,30.200000,30.110000,10.000000,9.000000,2.000000,12.000000,4.000000,13.000000,0.02,5.000000,Rain,194.000000,April
111,2016-4-20,51,49,46,48.000000,46.000000,44.000000,93.000000,85.000000,77.000000,30.090000,29.980000,29.920000,10.000000,8.000000,2.000000,18.000000,6.000000,23.000000,0.31,8.000000,Rain,326.000000,April
112,2016-4-21,71,57,42,50.000000,45.000000,41.000000,93.000000,67.000000,41.000000,30.100000,29.980000,29.930000,10.000000,10.000000,10.000000,25.000000,13.000000,31.000000,T,3.000000,,335.000000,April
113,2016-4-22,69,51,32,45.000000,40.000000,32.000000,100.000000,69.000000,37.000000,30.200000,30.110000,30.010000,10.000000,10.000000,10.000000,15.000000,7.000000,20.000000,0,0.000000,,175.000000,April
114,2016-4-23,80,63,46,53.000000,48.000000,41.000000,82.000000,61.000000,39.000000,30.000000,29.780000,29.600000,10.000000,10.000000,10.000000,30.000000,16.000000,40.000000,0,0.000000,,159.000000,April
115,2016-4-24,74,63,52,53.000000,46.000000,40.000000,78.000000,54.000000,29.000000,29.580000,29.510000,29.450000,10.000000,10.000000,10.000000,25.000000,13.000000,31.000000,T,1.000000,,221.000000,April
116,2016-4-25,69,57,44,45.000000,43.000000,39.000000,83.000000,61.000000,39.000000,29.780000,29.680000,29.580000,10.000000,10.000000,10.000000,23.000000,11.000000,29.000000,0,0.000000,,320.000000,April
117,2016-4-26,63,53,43,50.000000,44.000000,38.000000,93.000000,77.000000,60.000000,29.810000,29.730000,29.600000,10.000000,9.000000,2.000000,26.000000,14.000000,31.000000,1.07,7.000000,Rain,33.000000,April
118,2016-4-27,49,44,39,48.000000,43.000000,37.000000,100.000000,95.000000,89.000000,29.770000,29.540000,29.410000,10.000000,5.000000,1.000000,29.000000,20.000000,35.000000,2.07,8.000000,Rain,344.000000,April
119,2016-4-28,47,43,39,40.000000,38.000000,37.000000,92.000000,82.000000,71.000000,30.160000,29.980000,29.740000,10.000000,9.000000,5.000000,22.000000,11.000000,28.000000,T,8.000000,,330.000000,April
120,2016-4-29,47,44,40,40.000000,39.000000,38.000000,93.000000,85.000000,76.000000,30.160000,30.040000,29.890000,10.000000,10.000000,5.000000,24.000000,11.000000,31.000000,0.05,8.000000,Rain,40.000000,April
121,2016-4-30,45,43,40,42.000000,40.000000,38.000000,100.000000,93.000000,86.000000,30.000000,29.830000,29.760000,10.000000,6.000000,2.000000,28.000000,15.000000,34.000000,1.57,8.000000,Rain,32.000000,April
122,2016-5-1,55,46,36,41.000000,39.000000,34.000000,93.000000,76.000000,59.000000,30.250000,30.110000,29.980000,10.000000,10.000000,7.000000,23.000000,14.000000,33.000000,0.22,7.000000,Rain,14.000000,May
123,2016-5-2,60,45,30,42.000000,36.000000,29.000000,96.000000,68.000000,39.000000,30.250000,30.140000,30.040000,10.000000,10.000000,10.000000,9.000000,4.000000,13.000000,0,1.000000,,285.000000,May
124,2016-5-3,70,52,34,45.000000,41.000000,34.000000,93.000000,63.000000,33.000000,30.090000,30.030000,29.970000,10.000000,10.000000,10.000000,18.000000,7.000000,23.000000,0,1.000000,,299.000000,May
125,2016-5-4,71,56,40,43.000000,38.000000,30.000000,89.000000,57.000000,24.000000,30.130000,30.070000,29.990000,10.000000,10.000000,10.000000,21.000000,9.000000,26.000000,0,0.000000,,338.000000,May
126,2016-5-5,80,58,36,50.000000,43.000000,34.000000,92.000000,60.000000,28.000000,30.110000,30.040000,29.950000,10.000000,10.000000,9.000000,15.000000,6.000000,18.000000,0,0.000000,,197.000000,May
127,2016-5-6,83,66,51,55.000000,50.000000,44.000000,80.000000,56.000000,31.000000,29.990000,29.910000,29.810000,10.000000,10.000000,10.000000,25.000000,10.000000,31.000000,0,0.000000,,193.000000,May
128,2016-5-7,72,62,52,52.000000,45.000000,38.000000,93.000000,66.000000,38.000000,29.970000,29.910000,29.840000,10.000000,6.000000,2.000000,23.000000,13.000000,29.000000,0.02,3.000000,Rain,63.000000,May
129,2016-5-8,74,62,49,56.000000,47.000000,36.000000,100.000000,76.000000,51.000000,29.900000,29.700000,29.550000,10.000000,8.000000,2.000000,33.000000,11.000000,41.000000,1.27,6.000000,Rain,84.000000,May
130,2016-5-9,69,58,47,57.000000,53.000000,45.000000,100.000000,82.000000,63.000000,29.620000,29.570000,29.510000,10.000000,10.000000,5.000000,16.000000,5.000000,21.000000,0.01,3.000000,Rain,127.000000,May
131,2016-5-10,77,64,50,58.000000,52.000000,44.000000,96.000000,72.000000,48.000000,29.990000,29.770000,29.610000,10.000000,10.000000,8.000000,26.000000,9.000000,33.000000,0.26,3.000000,Rain,216.000000,May
132,2016-5-11,67,56,45,49.000000,45.000000,38.000000,93.000000,64.000000,34.000000,30.210000,30.050000,29.960000,10.000000,9.000000,2.000000,25.000000,11.000000,33.000000,0.65,3.000000,Rain,305.000000,May
133,2016-5-12,70,55,40,43.000000,39.000000,36.000000,83.000000,57.000000,31.000000,30.220000,30.170000,30.100000,10.000000,10.000000,10.000000,29.000000,10.000000,37.000000,0,0.000000,,302.000000,May
134,2016-5-13,61,50,38,50.000000,37.000000,29.000000,92.000000,67.000000,41.000000,30.350000,30.150000,29.930000,10.000000,10.000000,10.000000,36.000000,16.000000,46.000000,0,1.000000,,350.000000,May
135,2016-5-14,58,45,31,35.000000,29.000000,26.000000,85.000000,59.000000,33.000000,30.400000,30.320000,30.220000,10.000000,10.000000,9.000000,20.000000,9.000000,26.000000,0,0.000000,,334.000000,May
136,2016-5-15,58,45,32,39.000000,34.000000,30.000000,89.000000,65.000000,40.000000,30.270000,30.180000,30.090000,10.000000,10.000000,10.000000,18.000000,7.000000,25.000000,0,4.000000,,195.000000,May
137,2016-5-16,53,47,40,46.000000,44.000000,39.000000,93.000000,82.000000,71.000000,30.200000,30.100000,30.060000,10.000000,9.000000,4.000000,15.000000,7.000000,19.000000,0.43,7.000000,Rain,89.000000,May
138,2016-5-17,68,53,38,48.000000,41.000000,35.000000,100.000000,67.000000,34.000000,30.290000,30.260000,30.200000,10.000000,10.000000,10.000000,15.000000,6.000000,18.000000,0,0.000000,,350.000000,May
139,2016-5-18,70,53,35,45.000000,40.000000,34.000000,92.000000,64.000000,35.000000,30.260000,30.180000,30.070000,10.000000,10.000000,10.000000,14.000000,5.000000,19.000000,0,1.000000,,186.000000,May
140,2016-5-19,68,57,46,48.000000,45.000000,42.000000,86.000000,64.000000,42.000000,30.080000,30.000000,29.940000,10.000000,10.000000,10.000000,25.000000,15.000000,32.000000,0,5.000000,,186.000000,May
141,2016-5-20,63,55,47,52.000000,49.000000,43.000000,93.000000,79.000000,65.000000,30.050000,29.990000,29.960000,10.000000,10.000000,10.000000,20.000000,11.000000,25.000000,0,8.000000,,154.000000,May
142,2016-5-21,70,62,54,53.000000,52.000000,51.000000,86.000000,71.000000,55.000000,30.120000,30.060000,29.990000,10.000000,10.000000,10.000000,24.000000,14.000000,32.000000,0,7.000000,,141.000000,May
143,2016-5-22,79,69,59,66.000000,60.000000,52.000000,79.000000,71.000000,62.000000,29.970000,29.820000,29.630000,10.000000,10.000000,10.000000,29.000000,17.000000,39.000000,0,7.000000,,155.000000,May
144,2016-5-23,78,67,55,65.000000,56.000000,52.000000,93.000000,68.000000,43.000000,29.830000,29.760000,29.660000,10.000000,9.000000,4.000000,21.000000,7.000000,27.000000,0.36,5.000000,Rain-Thunderstorm,255.000000,May
145,2016-5-24,82,66,50,61.000000,55.000000,50.000000,100.000000,68.000000,36.000000,29.870000,29.820000,29.740000,10.000000,6.000000,0.000000,15.000000,6.000000,22.000000,0,1.000000,Fog,173.000000,May
146,2016-5-25,81,69,57,61.000000,56.000000,47.000000,93.000000,68.000000,42.000000,29.930000,29.830000,29.710000,10.000000,9.000000,2.000000,41.000000,8.000000,56.000000,0.55,4.000000,Rain-Thunderstorm,242.000000,May
147,2016-5-26,79,66,52,58.000000,53.000000,47.000000,93.000000,63.000000,32.000000,29.930000,29.820000,29.710000,10.000000,10.000000,10.000000,21.000000,7.000000,29.000000,0.06,2.000000,Rain-Thunderstorm,83.000000,May
148,2016-5-27,73,65,56,58.000000,56.000000,52.000000,93.000000,75.000000,57.000000,29.810000,29.730000,29.630000,10.000000,9.000000,2.000000,26.000000,8.000000,33.000000,0.74,5.000000,Rain-Thunderstorm,15.000000,May
149,2016-5-28,75,66,56,57.000000,55.000000,51.000000,93.000000,70.000000,46.000000,30.010000,29.830000,29.740000,10.000000,9.000000,6.000000,22.000000,9.000000,27.000000,0.42,5.000000,Rain,295.000000,May
150,2016-5-29,82,67,51,59.000000,55.000000,51.000000,100.000000,68.000000,36.000000,30.090000,30.010000,29.940000,10.000000,10.000000,6.000000,17.000000,5.000000,24.000000,0.03,1.000000,Rain-Thunderstorm,178.000000,May
151,2016-5-30,84,70,55,59.000000,55.000000,51.000000,86.000000,60.000000,34.000000,29.990000,29.890000,29.760000,10.000000,10.000000,10.000000,26.000000,10.000000,36.000000,0.03,2.000000,Rain-Thunderstorm,197.000000,May
152,2016-5-31,74,64,54,57.000000,47.000000,39.000000,86.000000,58.000000,29.000000,30.010000,29.940000,29.820000,10.000000,10.000000,10.000000,17.000000,11.000000,,T,2.000000,Rain,319.000000,May
153,2016-6-1,76,70,61,54.000000,47.000000,43.000000,72.000000,52.000000,31.000000,30.060000,30.030000,29.980000,10.000000,10.000000,10.000000,23.000000,8.000000,30.000000,0,2.000000,,317.000000,June
154,2016-6-2,83,67,51,58.000000,54.000000,49.000000,89.000000,65.000000,40.000000,30.060000,30.010000,29.930000,10.000000,10.000000,10.000000,21.000000,10.000000,26.000000,0,1.000000,,203.000000,June
155,2016-6-3,84,72,59,60.000000,54.000000,48.000000,72.000000,54.000000,35.000000,30.020000,29.920000,29.870000,10.000000,10.000000,10.000000,23.000000,14.000000,29.000000,0,0.000000,,258.000000,June
156,2016-6-4,79,65,50,50.000000,45.000000,41.000000,83.000000,55.000000,27.000000,30.060000,30.030000,30.000000,10.000000,10.000000,9.000000,33.000000,15.000000,44.000000,0,0.000000,,327.000000,June
157,2016-6-5,84,67,49,51.000000,46.000000,37.000000,93.000000,57.000000,20.000000,30.040000,29.980000,29.890000,10.000000,10.000000,10.000000,16.000000,7.000000,22.000000,0,0.000000,,310.000000,June
158,2016-6-6,80,66,51,52.000000,47.000000,42.000000,89.000000,60.000000,30.000000,30.030000,29.950000,29.920000,10.000000,10.000000,10.000000,21.000000,10.000000,27.000000,0,0.000000,,346.000000,June
159,2016-6-7,80,63,45,53.000000,49.000000,44.000000,93.000000,63.000000,33.000000,30.060000,29.970000,29.870000,10.000000,10.000000,10.000000,14.000000,5.000000,19.000000,0,0.000000,,166.000000,June
160,2016-6-8,92,75,58,64.000000,58.000000,52.000000,75.000000,54.000000,32.000000,29.880000,29.780000,29.700000,10.000000,10.000000,9.000000,44.000000,11.000000,56.000000,0.25,0.000000,Thunderstorm,157.000000,June
161,2016-6-9,93,80,66,68.000000,62.000000,58.000000,81.000000,57.000000,33.000000,29.820000,29.730000,29.680000,10.000000,9.000000,1.000000,26.000000,7.000000,35.000000,1.06,2.000000,Rain-Thunderstorm,175.000000,June
162,2016-6-10,93,81,69,68.000000,66.000000,64.000000,79.000000,62.000000,44.000000,29.850000,29.790000,29.730000,10.000000,10.000000,10.000000,18.000000,9.000000,23.000000,T,0.000000,,189.000000,June
163,2016-6-11,94,81,68,70.000000,66.000000,62.000000,84.000000,62.000000,39.000000,29.920000,29.870000,29.840000,10.000000,10.000000,10.000000,20.000000,9.000000,26.000000,0,0.000000,,163.000000,June
164,2016-6-12,92,81,70,67.000000,64.000000,63.000000,84.000000,63.000000,41.000000,29.990000,29.940000,29.910000,10.000000,10.000000,10.000000,21.000000,10.000000,26.000000,0,0.000000,,188.000000,June
165,2016-6-13,83,75,67,68.000000,66.000000,64.000000,93.000000,74.000000,55.000000,30.040000,29.940000,29.800000,10.000000,9.000000,2.000000,17.000000,7.000000,22.000000,0.15,4.000000,Rain-Thunderstorm,68.000000,June
166,2016-6-14,84,73,62,67.000000,62.000000,58.000000,93.000000,68.000000,43.000000,29.830000,29.730000,29.650000,10.000000,9.000000,2.000000,39.000000,8.000000,47.000000,0.29,3.000000,Rain-Thunderstorm,245.000000,June
167,2016-6-15,94,78,61,68.000000,61.000000,54.000000,84.000000,60.000000,36.000000,29.820000,29.780000,29.700000,10.000000,10.000000,10.000000,13.000000,5.000000,17.000000,0,0.000000,,100.000000,June
168,2016-6-16,95,82,69,70.000000,66.000000,60.000000,79.000000,60.000000,41.000000,29.860000,29.780000,29.730000,10.000000,10.000000,10.000000,23.000000,11.000000,31.000000,0,0.000000,Thunderstorm,136.000000,June
169,2016-6-17,96,81,66,74.000000,68.000000,61.000000,93.000000,68.000000,43.000000,30.100000,29.950000,29.810000,10.000000,8.000000,1.000000,131.000000,20.000000,143.000000,1.42,2.000000,Rain-Thunderstorm,170.000000,June
170,2016-6-18,85,75,65,70.000000,65.000000,59.000000,87.000000,71.000000,55.000000,30.200000,30.140000,30.100000,10.000000,10.000000,10.000000,,,,0,1.000000,,-1.000000,June
171,2016-6-19,91,80,69,71.000000,68.000000,66.000000,90.000000,69.000000,47.000000,30.110000,30.020000,29.960000,10.000000,10.000000,10.000000,,,,0,0.000000,,-1.000000,June
172,2016-6-20,81,73,65,71.000000,57.000000,48.000000,93.000000,66.000000,39.000000,30.300000,30.190000,30.050000,10.000000,10.000000,2.000000,16.000000,7.000000,21.000000,0.09,3.000000,Rain-Thunderstorm,59.000000,June
173,2016-6-21,94,80,65,69.000000,62.000000,57.000000,87.000000,64.000000,41.000000,30.180000,29.930000,29.650000,10.000000,10.000000,10.000000,17.000000,9.000000,23.000000,0,2.000000,,159.000000,June
174,2016-6-22,84,72,59,68.000000,61.000000,54.000000,84.000000,61.000000,37.000000,29.990000,29.800000,29.580000,10.000000,10.000000,10.000000,26.000000,13.000000,34.000000,0,1.000000,,326.000000,June
175,2016-6-23,84,69,54,60.000000,56.000000,52.000000,93.000000,67.000000,40.000000,30.130000,30.030000,29.970000,10.000000,10.000000,10.000000,14.000000,6.000000,18.000000,0,0.000000,,117.000000,June
176,2016-6-24,92,78,64,68.000000,63.000000,59.000000,84.000000,63.000000,41.000000,30.000000,29.880000,29.780000,10.000000,10.000000,10.000000,23.000000,11.000000,30.000000,0,0.000000,,149.000000,June
177,2016-6-25,84,73,61,69.000000,64.000000,59.000000,90.000000,71.000000,51.000000,30.010000,29.850000,29.740000,10.000000,10.000000,9.000000,22.000000,7.000000,26.000000,T,2.000000,Rain-Thunderstorm,118.000000,June
178,2016-6-26,89,71,53,63.000000,55.000000,43.000000,93.000000,56.000000,19.000000,30.120000,30.080000,30.020000,10.000000,10.000000,10.000000,17.000000,6.000000,24.000000,0,0.000000,Thunderstorm,158.000000,June
179,2016-6-27,85,75,65,62.000000,58.000000,55.000000,78.000000,59.000000,40.000000,30.230000,30.160000,30.070000,10.000000,10.000000,10.000000,23.000000,8.000000,30.000000,T,1.000000,Rain-Thunderstorm,65.000000,June
180,2016-6-28,85,71,56,64.000000,60.000000,54.000000,93.000000,69.000000,44.000000,30.250000,30.170000,30.040000,10.000000,10.000000,10.000000,26.000000,6.000000,33.000000,0.13,1.000000,Rain-Thunderstorm,148.000000,June
181,2016-6-29,86,72,58,64.000000,60.000000,56.000000,93.000000,69.000000,44.000000,30.190000,30.030000,29.900000,10.000000,10.000000,5.000000,28.000000,5.000000,36.000000,0.13,2.000000,Rain-Thunderstorm,256.000000,June
182,2016-6-30,82,72,61,62.000000,59.000000,56.000000,93.000000,68.000000,42.000000,30.120000,30.030000,29.930000,10.000000,10.000000,5.000000,17.000000,8.000000,22.000000,T,1.000000,Rain-Thunderstorm,356.000000,June
183,2016-7-1,74,64,53,57.000000,53.000000,49.000000,86.000000,68.000000,49.000000,30.180000,30.120000,30.050000,10.000000,10.000000,4.000000,12.000000,6.000000,15.000000,0.67,3.000000,Rain,118.000000,July
184,2016-7-2,63,59,54,60.000000,57.000000,50.000000,97.000000,92.000000,86.000000,30.110000,30.010000,29.980000,10.000000,6.000000,2.000000,20.000000,10.000000,27.000000,0.76,8.000000,Rain,99.000000,July
185,2016-7-3,68,64,60,63.000000,60.000000,57.000000,97.000000,89.000000,81.000000,30.000000,29.970000,29.910000,10.000000,4.000000,1.000000,10.000000,7.000000,14.000000,0,8.000000,,106.000000,July
186,2016-7-4,81,72,63,69.000000,65.000000,61.000000,93.000000,80.000000,67.000000,29.920000,29.840000,29.780000,10.000000,8.000000,4.000000,15.000000,7.000000,17.000000,0,6.000000,,186.000000,July
187,2016-7-5,93,78,62,74.000000,65.000000,61.000000,100.000000,67.000000,33.000000,29.820000,29.770000,29.720000,10.000000,5.000000,0.000000,15.000000,4.000000,18.000000,0.01,1.000000,Fog-Rain-Thunderstorm,124.000000,July
188,2016-7-6,88,76,63,73.000000,66.000000,59.000000,100.000000,77.000000,53.000000,29.910000,29.800000,29.700000,10.000000,8.000000,1.000000,39.000000,7.000000,51.000000,0.04,2.000000,Rain-Thunderstorm,77.000000,July
189,2016-7-7,85,73,60,67.000000,62.000000,57.000000,97.000000,76.000000,55.000000,29.960000,29.780000,29.650000,10.000000,10.000000,8.000000,20.000000,8.000000,28.000000,0,2.000000,Rain-Thunderstorm,295.000000,July
190,2016-7-8,84,70,56,66.000000,59.000000,55.000000,93.000000,68.000000,42.000000,30.040000,29.990000,29.940000,10.000000,10.000000,4.000000,13.000000,5.000000,17.000000,0,1.000000,,125.000000,July
191,2016-7-9,90,79,67,73.000000,69.000000,63.000000,87.000000,72.000000,56.000000,30.000000,29.930000,29.850000,10.000000,10.000000,10.000000,20.000000,9.000000,26.000000,0,1.000000,,143.000000,July
192,2016-7-10,93,83,72,74.000000,70.000000,68.000000,90.000000,68.000000,46.000000,29.830000,29.710000,29.600000,10.000000,10.000000,10.000000,25.000000,14.000000,31.000000,0,0.000000,,161.000000,July
193,2016-7-11,89,75,61,71.000000,66.000000,52.000000,74.000000,58.000000,41.000000,29.750000,29.600000,29.540000,10.000000,10.000000,10.000000,22.000000,12.000000,31.000000,0,1.000000,,230.000000,July
194,2016-7-12,87,71,54,66.000000,53.000000,45.000000,83.000000,55.000000,27.000000,29.900000,29.840000,29.770000,10.000000,10.000000,10.000000,15.000000,5.000000,21.000000,0,0.000000,,155.000000,July
195,2016-7-13,88,75,62,69.000000,61.000000,49.000000,87.000000,57.000000,26.000000,29.980000,29.860000,29.720000,10.000000,10.000000,9.000000,35.000000,7.000000,45.000000,T,0.000000,,331.000000,July
196,2016-7-14,87,74,60,65.000000,55.000000,47.000000,90.000000,57.000000,24.000000,30.080000,30.040000,29.980000,10.000000,10.000000,9.000000,16.000000,5.000000,19.000000,0.01,1.000000,Rain,330.000000,July
197,2016-7-15,74,67,59,59.000000,57.000000,54.000000,93.000000,75.000000,57.000000,30.250000,30.120000,30.040000,10.000000,8.000000,2.000000,23.000000,7.000000,29.000000,0.92,5.000000,Rain-Thunderstorm,121.000000,July
198,2016-7-16,84,71,57,69.000000,62.000000,56.000000,97.000000,78.000000,58.000000,30.090000,29.970000,29.790000,10.000000,7.000000,0.000000,21.000000,9.000000,32.000000,0.01,5.000000,Fog-Rain-Thunderstorm,149.000000,July
199,2016-7-17,83,75,66,70.000000,67.000000,64.000000,93.000000,78.000000,62.000000,30.090000,29.950000,29.790000,10.000000,10.000000,10.000000,15.000000,5.000000,19.000000,0,3.000000,,69.000000,July
200,2016-7-18,86,77,68,72.000000,68.000000,63.000000,87.000000,74.000000,61.000000,30.160000,30.090000,30.050000,10.000000,10.000000,8.000000,17.000000,8.000000,25.000000,0,5.000000,,93.000000,July
201,2016-7-19,92,80,67,72.000000,67.000000,63.000000,93.000000,70.000000,47.000000,30.200000,30.040000,29.920000,10.000000,10.000000,7.000000,35.000000,9.000000,46.000000,0.24,2.000000,Rain-Thunderstorm,176.000000,July
202,2016-7-20,94,81,68,72.000000,68.000000,63.000000,84.000000,67.000000,49.000000,29.960000,29.920000,29.840000,10.000000,10.000000,10.000000,20.000000,10.000000,26.000000,0,0.000000,,168.000000,July
203,2016-7-21,94,81,67,76.000000,69.000000,64.000000,91.000000,72.000000,52.000000,29.950000,29.890000,29.840000,10.000000,10.000000,10.000000,15.000000,5.000000,21.000000,0,0.000000,Thunderstorm,197.000000,July
204,2016-7-22,98,85,71,78.000000,74.000000,69.000000,93.000000,71.000000,48.000000,29.940000,29.900000,29.860000,10.000000,10.000000,7.000000,12.000000,5.000000,15.000000,0,0.000000,,37.000000,July
205,2016-7-23,92,81,70,76.000000,69.000000,64.000000,91.000000,72.000000,52.000000,29.990000,29.840000,29.750000,10.000000,9.000000,2.000000,32.000000,9.000000,44.000000,0.34,3.000000,Rain-Thunderstorm,199.000000,July
206,2016-7-24,85,75,65,65.000000,62.000000,59.000000,87.000000,65.000000,43.000000,30.090000,30.000000,29.890000,10.000000,10.000000,10.000000,15.000000,6.000000,19.000000,0,0.000000,,24.000000,July
207,2016-7-25,87,73,59,63.000000,59.000000,54.000000,93.000000,65.000000,36.000000,30.150000,30.080000,30.020000,10.000000,10.000000,10.000000,15.000000,6.000000,19.000000,0,1.000000,,154.000000,July
208,2016-7-26,87,74,60,66.000000,63.000000,59.000000,93.000000,69.000000,45.000000,30.080000,30.010000,29.940000,10.000000,10.000000,7.000000,17.000000,7.000000,22.000000,0,0.000000,,150.000000,July
209,2016-7-27,86,74,61,66.000000,61.000000,58.000000,93.000000,69.000000,44.000000,30.170000,30.030000,29.930000,10.000000,9.000000,2.000000,33.000000,7.000000,43.000000,0.28,2.000000,Rain-Thunderstorm,345.000000,July
210,2016-7-28,81,70,59,66.000000,62.000000,57.000000,93.000000,74.000000,54.000000,30.090000,30.050000,30.010000,10.000000,10.000000,5.000000,14.000000,3.000000,16.000000,0.09,3.000000,Rain,2.000000,July
211,2016-7-29,79,70,61,65.000000,62.000000,57.000000,97.000000,73.000000,48.000000,30.110000,30.060000,30.000000,10.000000,10.000000,4.000000,8.000000,3.000000,10.000000,0.02,5.000000,Rain,32.000000,July
212,2016-7-30,83,72,60,69.000000,62.000000,56.000000,93.000000,74.000000,55.000000,30.070000,30.000000,29.870000,10.000000,6.000000,0.000000,24.000000,9.000000,31.000000,2.59,5.000000,Fog-Rain-Thunderstorm,152.000000,July
213,2016-7-31,86,77,67,71.000000,67.000000,64.000000,93.000000,74.000000,55.000000,29.920000,29.850000,29.790000,10.000000,10.000000,6.000000,22.000000,9.000000,29.000000,0.06,3.000000,Rain,131.000000,July
214,2016-8-1,87,79,70,75.000000,71.000000,60.000000,93.000000,77.000000,60.000000,29.970000,29.870000,29.760000,10.000000,9.000000,5.000000,24.000000,8.000000,30.000000,0.24,6.000000,Thunderstorm,109.000000,August
215,2016-8-2,89,77,65,71.000000,65.000000,60.000000,93.000000,72.000000,50.000000,30.060000,29.990000,29.900000,10.000000,9.000000,2.000000,12.000000,4.000000,15.000000,0,2.000000,Rain-Thunderstorm,123.000000,August
216,2016-8-3,88,78,68,73.000000,70.000000,67.000000,97.000000,78.000000,59.000000,30.050000,29.980000,29.810000,10.000000,6.000000,0.000000,17.000000,8.000000,25.000000,0,5.000000,Fog-Rain,154.000000,August
217,2016-8-4,81,72,63,72.000000,63.000000,51.000000,97.000000,67.000000,36.000000,30.020000,29.900000,29.770000,10.000000,9.000000,4.000000,23.000000,9.000000,33.000000,0,3.000000,,1.000000,August
218,2016-8-5,75,68,60,63.000000,59.000000,55.000000,90.000000,72.000000,53.000000,30.120000,30.080000,30.000000,10.000000,10.000000,10.000000,9.000000,4.000000,12.000000,T,2.000000,Rain,352.000000,August
219,2016-8-6,75,70,65,63.000000,61.000000,58.000000,93.000000,77.000000,61.000000,30.120000,30.080000,30.040000,10.000000,10.000000,10.000000,12.000000,4.000000,14.000000,0,8.000000,,116.000000,August
220,2016-8-7,75,69,62,62.000000,60.000000,57.000000,87.000000,74.000000,61.000000,30.080000,30.040000,29.990000,10.000000,10.000000,5.000000,12.000000,5.000000,14.000000,0.08,7.000000,Rain,108.000000,August
221,2016-8-8,81,69,57,67.000000,60.000000,55.000000,93.000000,78.000000,62.000000,30.040000,29.970000,29.850000,10.000000,7.000000,1.000000,16.000000,7.000000,20.000000,0,5.000000,,160.000000,August
222,2016-8-9,89,77,65,71.000000,67.000000,63.000000,97.000000,76.000000,55.000000,29.920000,29.890000,29.840000,10.000000,5.000000,1.000000,16.000000,8.000000,23.000000,0,4.000000,,140.000000,August
223,2016-8-10,92,81,70,72.000000,70.000000,67.000000,97.000000,75.000000,52.000000,29.880000,29.830000,29.770000,10.000000,10.000000,9.000000,22.000000,10.000000,29.000000,0,0.000000,,158.000000,August
224,2016-8-11,89,80,70,75.000000,70.000000,67.000000,93.000000,75.000000,56.000000,29.890000,29.790000,29.740000,10.000000,9.000000,3.000000,20.000000,4.000000,24.000000,0.05,1.000000,Rain-Thunderstorm,116.000000,August
225,2016-8-12,84,72,60,69.000000,62.000000,58.000000,93.000000,68.000000,43.000000,30.030000,29.960000,29.900000,10.000000,10.000000,8.000000,17.000000,7.000000,23.000000,0.01,3.000000,,349.000000,August
226,2016-8-13,84,71,57,65.000000,59.000000,55.000000,93.000000,67.000000,40.000000,30.080000,30.040000,30.010000,10.000000,10.000000,10.000000,14.000000,4.000000,18.000000,0,0.000000,,330.000000,August
227,2016-8-14,85,72,58,63.000000,59.000000,56.000000,93.000000,65.000000,37.000000,30.110000,30.060000,30.010000,10.000000,10.000000,10.000000,15.000000,6.000000,20.000000,0,1.000000,,153.000000,August
228,2016-8-15,87,73,59,64.000000,61.000000,57.000000,97.000000,71.000000,45.000000,30.030000,29.980000,29.940000,10.000000,10.000000,10.000000,22.000000,9.000000,28.000000,0,0.000000,,145.000000,August
229,2016-8-16,88,77,66,67.000000,64.000000,61.000000,93.000000,68.000000,43.000000,30.060000,30.000000,29.930000,10.000000,10.000000,10.000000,14.000000,4.000000,17.000000,T,1.000000,Thunderstorm,127.000000,August
230,2016-8-17,90,77,63,67.000000,64.000000,61.000000,93.000000,67.000000,41.000000,30.080000,30.020000,29.960000,10.000000,8.000000,2.000000,14.000000,6.000000,19.000000,0,0.000000,,122.000000,August
231,2016-8-18,94,78,62,68.000000,62.000000,56.000000,93.000000,61.000000,28.000000,29.970000,29.880000,29.800000,10.000000,10.000000,6.000000,20.000000,9.000000,25.000000,0,0.000000,Thunderstorm,175.000000,August
232,2016-8-19,74,67,59,61.000000,59.000000,54.000000,93.000000,77.000000,61.000000,29.980000,29.910000,29.860000,10.000000,10.000000,10.000000,20.000000,10.000000,27.000000,T,4.000000,,356.000000,August
233,2016-8-20,76,63,49,53.000000,48.000000,42.000000,89.000000,61.000000,33.000000,30.030000,29.990000,29.950000,10.000000,10.000000,10.000000,21.000000,10.000000,29.000000,0,3.000000,,324.000000,August
234,2016-8-21,84,64,43,52.000000,48.000000,41.000000,96.000000,62.000000,28.000000,30.090000,30.000000,29.910000,10.000000,10.000000,10.000000,18.000000,8.000000,25.000000,0,0.000000,,184.000000,August
235,2016-8-22,88,76,63,61.000000,56.000000,51.000000,67.000000,54.000000,40.000000,29.920000,29.870000,29.810000,10.000000,10.000000,10.000000,29.000000,14.000000,36.000000,0,0.000000,,170.000000,August
236,2016-8-23,88,75,61,71.000000,62.000000,56.000000,87.000000,69.000000,50.000000,29.900000,29.810000,29.750000,10.000000,10.000000,10.000000,18.000000,8.000000,25.000000,0.06,3.000000,Rain,173.000000,August
237,2016-8-24,78,66,53,59.000000,52.000000,48.000000,89.000000,63.000000,36.000000,30.130000,30.040000,29.910000,10.000000,10.000000,10.000000,12.000000,4.000000,15.000000,0,0.000000,Rain,354.000000,August
238,2016-8-25,78,66,54,55.000000,52.000000,47.000000,93.000000,64.000000,35.000000,30.210000,30.150000,30.100000,10.000000,10.000000,10.000000,14.000000,5.000000,18.000000,0,0.000000,,7.000000,August
239,2016-8-26,74,62,50,61.000000,54.000000,49.000000,89.000000,68.000000,46.000000,30.190000,30.100000,30.010000,10.000000,10.000000,10.000000,12.000000,5.000000,15.000000,T,3.000000,Rain,121.000000,August
240,2016-8-27,84,71,58,61.000000,60.000000,56.000000,100.000000,70.000000,40.000000,30.050000,30.010000,29.930000,10.000000,7.000000,0.000000,17.000000,6.000000,22.000000,T,5.000000,Fog,157.000000,August
241,2016-8-28,89,75,61,66.000000,62.000000,59.000000,93.000000,66.000000,39.000000,30.090000,30.030000,29.990000,10.000000,8.000000,1.000000,18.000000,8.000000,24.000000,0,0.000000,,148.000000,August
242,2016-8-29,83,73,63,66.000000,63.000000,60.000000,90.000000,73.000000,55.000000,30.180000,30.140000,30.090000,10.000000,10.000000,10.000000,12.000000,5.000000,18.000000,0,1.000000,,162.000000,August
243,2016-8-30,81,71,61,66.000000,65.000000,62.000000,93.000000,76.000000,58.000000,30.230000,30.180000,30.130000,10.000000,8.000000,4.000000,12.000000,3.000000,13.000000,0,4.000000,,134.000000,August
244,2016-8-31,83,70,56,65.000000,60.000000,53.000000,100.000000,70.000000,39.000000,30.240000,30.200000,30.140000,10.000000,5.000000,0.000000,10.000000,4.000000,14.000000,0,3.000000,Fog,96.000000,August
245,2016-9-1,82,66,49,58.000000,51.000000,48.000000,100.000000,68.000000,35.000000,30.250000,30.210000,30.130000,10.000000,6.000000,0.000000,15.000000,6.000000,21.000000,0,1.000000,Fog,129.000000,September
246,2016-9-2,78,66,53,56.000000,55.000000,51.000000,93.000000,68.000000,43.000000,30.180000,30.100000,29.970000,10.000000,10.000000,9.000000,23.000000,12.000000,30.000000,0,0.000000,,154.000000,September
247,2016-9-3,74,68,62,62.000000,58.000000,54.000000,78.000000,70.000000,61.000000,30.020000,29.940000,29.850000,10.000000,10.000000,10.000000,21.000000,13.000000,27.000000,0,7.000000,,157.000000,September
248,2016-9-4,80,72,63,70.000000,65.000000,60.000000,93.000000,81.000000,68.000000,29.860000,29.790000,29.660000,10.000000,9.000000,2.000000,24.000000,10.000000,32.000000,T,5.000000,Rain,139.000000,September
249,2016-9-5,91,77,63,69.000000,65.000000,58.000000,90.000000,69.000000,47.000000,29.890000,29.770000,29.720000,10.000000,8.000000,1.000000,20.000000,10.000000,26.000000,0.82,3.000000,Rain-Thunderstorm,182.000000,September
250,2016-9-6,70,67,64,64.000000,63.000000,61.000000,87.000000,83.000000,78.000000,29.960000,29.870000,29.770000,10.000000,9.000000,2.000000,16.000000,10.000000,29.000000,0.24,7.000000,Rain-Thunderstorm,52.000000,September
251,2016-9-7,81,73,64,68.000000,65.000000,63.000000,93.000000,78.000000,62.000000,29.930000,29.890000,29.840000,10.000000,10.000000,10.000000,22.000000,8.000000,28.000000,T,4.000000,Rain,179.000000,September
252,2016-9-8,80,69,58,68.000000,58.000000,51.000000,90.000000,67.000000,43.000000,30.010000,29.910000,29.800000,10.000000,10.000000,6.000000,14.000000,7.000000,19.000000,T,2.000000,,125.000000,September
253,2016-9-9,75,64,52,70.000000,63.000000,43.000000,93.000000,64.000000,35.000000,30.180000,29.900000,29.800000,10.000000,7.000000,2.000000,30.000000,11.000000,39.000000,T,6.000000,Rain-Thunderstorm,252.000000,September
254,2016-9-10,73,60,46,50.000000,45.000000,42.000000,86.000000,60.000000,33.000000,30.270000,30.190000,30.110000,10.000000,10.000000,10.000000,17.000000,7.000000,22.000000,0,0.000000,,269.000000,September
255,2016-9-11,83,68,53,59.000000,52.000000,44.000000,77.000000,59.000000,40.000000,30.080000,29.930000,29.790000,10.000000,10.000000,10.000000,26.000000,12.000000,33.000000,0,0.000000,,171.000000,September
256,2016-9-12,66,60,53,58.000000,53.000000,48.000000,93.000000,80.000000,67.000000,30.090000,29.910000,29.730000,10.000000,10.000000,5.000000,25.000000,10.000000,33.000000,0.03,4.000000,Rain-Thunderstorm,345.000000,September
257,2016-9-13,62,56,50,48.000000,44.000000,42.000000,77.000000,64.000000,51.000000,30.300000,30.210000,30.080000,10.000000,10.000000,10.000000,17.000000,10.000000,22.000000,T,7.000000,Rain,22.000000,September
258,2016-9-14,60,54,48,56.000000,50.000000,44.000000,93.000000,83.000000,72.000000,30.310000,30.210000,30.100000,10.000000,8.000000,2.000000,14.000000,6.000000,18.000000,T,8.000000,,119.000000,September
259,2016-9-15,77,68,58,66.000000,61.000000,55.000000,100.000000,80.000000,60.000000,30.120000,29.980000,29.860000,10.000000,6.000000,0.000000,15.000000,7.000000,22.000000,0.13,7.000000,Fog-Rain-Thunderstorm,177.000000,September
260,2016-9-16,77,63,49,56.000000,51.000000,47.000000,96.000000,67.000000,38.000000,30.020000,29.970000,29.940000,10.000000,10.000000,8.000000,17.000000,5.000000,23.000000,T,1.000000,Rain,292.000000,September
261,2016-9-17,82,62,43,51.000000,46.000000,41.000000,93.000000,62.000000,26.000000,30.070000,30.000000,29.910000,10.000000,10.000000,10.000000,15.000000,4.000000,21.000000,0,0.000000,Rain,228.000000,September
262,2016-9-18,87,69,50,57.000000,52.000000,45.000000,89.000000,56.000000,23.000000,29.920000,29.840000,29.760000,10.000000,10.000000,10.000000,20.000000,7.000000,25.000000,0,0.000000,Rain,187.000000,September
263,2016-9-19,83,67,50,55.000000,50.000000,43.000000,93.000000,60.000000,26.000000,30.100000,29.930000,29.810000,10.000000,6.000000,0.000000,21.000000,5.000000,29.000000,0,0.000000,Fog-Rain,58.000000,September
264,2016-9-20,93,72,50,65.000000,58.000000,47.000000,90.000000,62.000000,34.000000,30.080000,29.970000,29.880000,10.000000,10.000000,9.000000,23.000000,6.000000,31.000000,0,0.000000,Rain,168.000000,September
265,2016-9-21,84,75,65,66.000000,63.000000,59.000000,87.000000,67.000000,46.000000,29.880000,29.850000,29.820000,10.000000,10.000000,10.000000,16.000000,6.000000,20.000000,T,0.000000,,170.000000,September
266,2016-9-22,68,65,62,63.000000,61.000000,59.000000,93.000000,85.000000,76.000000,29.950000,29.900000,29.830000,10.000000,6.000000,1.000000,15.000000,8.000000,20.000000,T,7.000000,,5.000000,September
267,2016-9-23,89,76,62,64.000000,60.000000,52.000000,93.000000,60.000000,27.000000,29.910000,29.850000,29.780000,10.000000,6.000000,0.000000,29.000000,13.000000,39.000000,0,3.000000,Fog-Rain,134.000000,September
268,2016-9-24,81,66,51,65.000000,56.000000,43.000000,84.000000,57.000000,30.000000,30.010000,29.860000,29.780000,10.000000,10.000000,10.000000,20.000000,9.000000,25.000000,T,3.000000,Rain,198.000000,September
269,2016-9-25,70,54,38,43.000000,36.000000,26.000000,73.000000,47.000000,20.000000,30.310000,30.190000,30.040000,10.000000,10.000000,10.000000,31.000000,15.000000,42.000000,0,0.000000,,312.000000,September
270,2016-9-26,76,56,35,44.000000,36.000000,31.000000,89.000000,56.000000,23.000000,30.320000,30.230000,30.120000,10.000000,10.000000,10.000000,22.000000,6.000000,29.000000,0,0.000000,Rain,310.000000,September
271,2016-9-27,83,62,40,46.000000,41.000000,37.000000,92.000000,57.000000,22.000000,30.110000,30.010000,29.870000,10.000000,10.000000,10.000000,22.000000,6.000000,26.000000,0,0.000000,,320.000000,September
272,2016-9-28,71,56,40,45.000000,40.000000,28.000000,89.000000,56.000000,22.000000,30.370000,30.190000,29.980000,10.000000,10.000000,10.000000,16.000000,7.000000,22.000000,0,0.000000,Rain,10.000000,September
273,2016-9-29,69,52,34,45.000000,39.000000,32.000000,96.000000,67.000000,37.000000,30.490000,30.400000,30.340000,10.000000,10.000000,10.000000,12.000000,3.000000,16.000000,0,0.000000,Rain,130.000000,September
274,2016-9-30,70,53,35,46.000000,39.000000,34.000000,100.000000,69.000000,37.000000,30.350000,30.270000,30.150000,10.000000,5.000000,0.000000,14.000000,3.000000,18.000000,0,2.000000,Fog-Rain,129.000000,September
275,2016-10-1,75,58,41,47.000000,44.000000,39.000000,92.000000,63.000000,33.000000,30.150000,30.090000,30.010000,10.000000,10.000000,10.000000,14.000000,4.000000,18.000000,0,0.000000,,137.000000,October
276,2016-10-2,80,63,45,52.000000,48.000000,44.000000,93.000000,65.000000,36.000000,30.090000,30.040000,29.970000,10.000000,6.000000,0.000000,18.000000,7.000000,24.000000,0,1.000000,Fog-Rain,136.000000,October
277,2016-10-3,79,67,54,53.000000,51.000000,49.000000,93.000000,65.000000,36.000000,29.960000,29.740000,29.490000,10.000000,10.000000,10.000000,32.000000,17.000000,45.000000,T,0.000000,,140.000000,October
278,2016-10-4,68,55,41,56.000000,49.000000,41.000000,96.000000,72.000000,48.000000,29.740000,29.610000,29.520000,10.000000,10.000000,10.000000,18.000000,3.000000,22.000000,0.01,5.000000,Rain,273.000000,October
279,2016-10-5,72,54,35,41.000000,36.000000,31.000000,92.000000,57.000000,22.000000,29.960000,29.880000,29.740000,10.000000,9.000000,1.000000,15.000000,5.000000,18.000000,0,0.000000,Rain,217.000000,October
280,2016-10-6,52,43,33,44.000000,34.000000,30.000000,92.000000,69.000000,46.000000,30.260000,30.070000,29.940000,10.000000,10.000000,7.000000,26.000000,15.000000,37.000000,0.05,6.000000,Rain-Thunderstorm,351.000000,October
281,2016-10-7,65,46,27,38.000000,33.000000,26.000000,92.000000,62.000000,31.000000,30.390000,30.300000,30.240000,10.000000,10.000000,10.000000,18.000000,5.000000,24.000000,0,0.000000,Rain,261.000000,October
282,2016-10-8,77,55,32,43.000000,34.000000,31.000000,89.000000,54.000000,19.000000,30.290000,30.220000,30.160000,10.000000,10.000000,4.000000,18.000000,5.000000,23.000000,0,0.000000,Rain,324.000000,October
283,2016-10-9,79,57,34,50.000000,41.000000,32.000000,92.000000,63.000000,33.000000,30.300000,30.190000,30.070000,10.000000,10.000000,10.000000,23.000000,9.000000,30.000000,0,0.000000,Rain,147.000000,October
284,2016-10-10,75,62,48,53.000000,49.000000,42.000000,80.000000,63.000000,46.000000,30.050000,29.950000,29.870000,10.000000,10.000000,10.000000,22.000000,10.000000,29.000000,0,1.000000,Rain,158.000000,October
285,2016-10-11,58,49,40,50.000000,42.000000,33.000000,93.000000,78.000000,63.000000,30.170000,29.990000,29.860000,10.000000,10.000000,4.000000,18.000000,11.000000,25.000000,0,5.000000,Rain,350.000000,October
286,2016-10-12,49,37,25,33.000000,30.000000,23.000000,84.000000,65.000000,46.000000,30.390000,30.290000,30.170000,10.000000,10.000000,10.000000,24.000000,10.000000,31.000000,0.01,5.000000,Rain,336.000000,October
287,2016-10-13,62,44,25,36.000000,31.000000,22.000000,92.000000,63.000000,34.000000,30.340000,30.190000,30.070000,10.000000,10.000000,10.000000,23.000000,10.000000,30.000000,0,0.000000,,175.000000,October
288,2016-10-14,72,58,43,54.000000,44.000000,36.000000,82.000000,63.000000,44.000000,30.050000,29.860000,29.700000,10.000000,10.000000,8.000000,25.000000,12.000000,31.000000,0,0.000000,,172.000000,October
289,2016-10-15,79,61,42,57.000000,49.000000,39.000000,90.000000,58.000000,25.000000,29.860000,29.750000,29.670000,10.000000,9.000000,4.000000,14.000000,6.000000,18.000000,0,2.000000,Rain,116.000000,October
290,2016-10-16,75,57,38,64.000000,52.000000,36.000000,100.000000,79.000000,57.000000,29.850000,29.670000,29.560000,10.000000,7.000000,0.000000,14.000000,4.000000,18.000000,0.01,4.000000,Fog-Rain,167.000000,October
291,2016-10-17,82,61,39,50.000000,42.000000,30.000000,92.000000,58.000000,23.000000,29.630000,29.520000,29.350000,10.000000,6.000000,0.000000,24.000000,8.000000,33.000000,0,1.000000,Fog-Rain,308.000000,October
292,2016-10-18,69,54,38,41.000000,37.000000,30.000000,86.000000,55.000000,24.000000,30.050000,29.930000,29.660000,10.000000,10.000000,2.000000,26.000000,6.000000,36.000000,0,1.000000,Rain,303.000000,October
293,2016-10-19,61,49,37,43.000000,41.000000,37.000000,92.000000,71.000000,49.000000,30.330000,30.180000,30.020000,10.000000,10.000000,10.000000,17.000000,7.000000,23.000000,0.01,5.000000,Rain,351.000000,October
294,2016-10-20,57,44,30,43.000000,40.000000,30.000000,96.000000,70.000000,43.000000,30.440000,30.370000,30.310000,10.000000,9.000000,0.000000,9.000000,2.000000,11.000000,T,6.000000,Fog-Rain,291.000000,October
295,2016-10-21,69,48,26,38.000000,30.000000,25.000000,92.000000,58.000000,23.000000,30.290000,30.160000,30.000000,10.000000,6.000000,0.000000,24.000000,6.000000,32.000000,0,1.000000,Fog-Rain,171.000000,October
296,2016-10-22,80,55,29,37.000000,30.000000,26.000000,85.000000,51.000000,16.000000,30.060000,29.950000,29.820000,10.000000,10.000000,10.000000,21.000000,6.000000,29.000000,0,0.000000,Rain,150.000000,October
297,2016-10-23,68,51,33,36.000000,30.000000,24.000000,76.000000,48.000000,19.000000,30.310000,30.140000,29.880000,10.000000,10.000000,10.000000,20.000000,10.000000,25.000000,0,0.000000,,350.000000,October
298,2016-10-24,64,46,28,39.000000,34.000000,25.000000,92.000000,63.000000,34.000000,30.410000,30.310000,30.190000,10.000000,10.000000,10.000000,16.000000,6.000000,19.000000,0,0.000000,,136.000000,October
299,2016-10-25,71,58,44,55.000000,47.000000,39.000000,89.000000,71.000000,53.000000,30.170000,30.000000,29.890000,10.000000,10.000000,8.000000,16.000000,7.000000,21.000000,0,1.000000,,134.000000,October
300,2016-10-26,75,59,43,47.000000,42.000000,37.000000,89.000000,58.000000,27.000000,30.180000,30.090000,29.950000,10.000000,10.000000,6.000000,16.000000,8.000000,23.000000,0,0.000000,,334.000000,October
301,2016-10-27,84,61,38,43.000000,40.000000,36.000000,93.000000,55.000000,17.000000,30.170000,30.070000,29.910000,10.000000,7.000000,2.000000,20.000000,8.000000,29.000000,0,0.000000,Rain,164.000000,October
302,2016-10-28,84,67,49,47.000000,43.000000,40.000000,67.000000,45.000000,22.000000,29.900000,29.830000,29.760000,10.000000,10.000000,10.000000,14.000000,6.000000,18.000000,0,0.000000,Rain,219.000000,October
303,2016-10-29,64,53,42,48.000000,44.000000,40.000000,82.000000,69.000000,56.000000,30.230000,30.030000,29.840000,10.000000,10.000000,10.000000,21.000000,10.000000,29.000000,0,4.000000,Rain,1.000000,October
304,2016-10-30,56,48,39,43.000000,39.000000,37.000000,92.000000,76.000000,59.000000,30.320000,30.210000,29.980000,10.000000,10.000000,10.000000,17.000000,10.000000,23.000000,0,4.000000,,158.000000,October
305,2016-10-31,77,63,48,50.000000,45.000000,28.000000,89.000000,64.000000,38.000000,29.960000,29.740000,29.610000,10.000000,9.000000,6.000000,22.000000,11.000000,27.000000,0,3.000000,Rain,190.000000,October
306,2016-11-1,70,53,35,36.000000,31.000000,27.000000,70.000000,47.000000,23.000000,30.010000,29.930000,29.800000,10.000000,10.000000,10.000000,13.000000,4.000000,16.000000,0,1.000000,Rain,27.000000,November
307,2016-11-2,72,53,34,39.000000,34.000000,30.000000,71.000000,47.000000,23.000000,30.310000,30.160000,30.010000,10.000000,10.000000,9.000000,16.000000,6.000000,19.000000,0,1.000000,,352.000000,November
308,2016-11-3,76,53,30,39.000000,30.000000,26.000000,85.000000,51.000000,16.000000,30.410000,30.350000,30.310000,10.000000,9.000000,2.000000,16.000000,3.000000,21.000000,0,0.000000,Rain,305.000000,November
309,2016-11-4,76,53,30,35.000000,31.000000,26.000000,85.000000,52.000000,19.000000,30.450000,30.360000,30.260000,10.000000,10.000000,10.000000,13.000000,3.000000,17.000000,0,0.000000,Rain,233.000000,November
310,2016-11-5,71,51,31,44.000000,36.000000,30.000000,82.000000,53.000000,24.000000,30.310000,30.230000,30.150000,10.000000,10.000000,10.000000,21.000000,7.000000,26.000000,0,0.000000,,163.000000,November
311,2016-11-6,70,56,42,49.000000,43.000000,39.000000,96.000000,68.000000,40.000000,30.160000,30.090000,30.020000,10.000000,10.000000,6.000000,26.000000,12.000000,33.000000,0,4.000000,,153.000000,November
312,2016-11-7,59,50,41,52.000000,48.000000,36.000000,93.000000,72.000000,51.000000,30.390000,30.180000,30.060000,10.000000,7.000000,2.000000,20.000000,6.000000,25.000000,0.46,6.000000,Rain,30.000000,November
313,2016-11-8,60,45,30,41.000000,34.000000,27.000000,89.000000,63.000000,36.000000,30.550000,30.490000,30.400000,10.000000,10.000000,10.000000,13.000000,6.000000,15.000000,0,0.000000,Rain,331.000000,November
314,2016-11-9,64,45,26,39.000000,29.000000,23.000000,100.000000,66.000000,31.000000,30.490000,30.370000,30.190000,10.000000,5.000000,0.000000,18.000000,7.000000,22.000000,0,0.000000,Fog-Rain,166.000000,November
315,2016-11-10,75,52,28,38.000000,33.000000,26.000000,92.000000,57.000000,21.000000,30.380000,30.200000,30.110000,10.000000,10.000000,10.000000,23.000000,9.000000,28.000000,0,0.000000,,340.000000,November
316,2016-11-11,56,41,25,35.000000,28.000000,22.000000,89.000000,60.000000,30.000000,30.530000,30.480000,30.390000,10.000000,10.000000,10.000000,13.000000,6.000000,18.000000,0,0.000000,,352.000000,November
317,2016-11-12,57,41,24,32.000000,27.000000,21.000000,88.000000,59.000000,30.000000,30.460000,30.290000,30.110000,10.000000,10.000000,10.000000,22.000000,11.000000,28.000000,0,0.000000,,186.000000,November
318,2016-11-13,69,52,34,36.000000,30.000000,25.000000,70.000000,48.000000,25.000000,30.080000,30.000000,29.920000,10.000000,10.000000,10.000000,16.000000,6.000000,20.000000,0,0.000000,,274.000000,November
319,2016-11-14,65,48,30,38.000000,33.000000,29.000000,82.000000,57.000000,31.000000,30.110000,30.030000,29.960000,10.000000,10.000000,10.000000,10.000000,4.000000,13.000000,0,0.000000,Rain,261.000000,November
320,2016-11-15,71,50,29,37.000000,30.000000,26.000000,92.000000,61.000000,29.000000,30.030000,29.990000,29.950000,10.000000,10.000000,10.000000,22.000000,5.000000,27.000000,0,0.000000,Rain,324.000000,November
321,2016-11-16,73,51,29,38.000000,34.000000,25.000000,85.000000,55.000000,25.000000,29.940000,29.680000,29.520000,10.000000,10.000000,10.000000,23.000000,10.000000,31.000000,0,0.000000,,159.000000,November
322,2016-11-17,46,40,33,35.000000,33.000000,30.000000,92.000000,76.000000,60.000000,29.860000,29.680000,29.540000,10.000000,8.000000,1.000000,32.000000,18.000000,40.000000,0.03,6.000000,Rain-Snow,358.000000,November
323,2016-11-18,33,27,20,30.000000,25.000000,14.000000,92.000000,78.000000,63.000000,30.550000,30.110000,29.770000,10.000000,4.000000,0.000000,39.000000,22.000000,49.000000,0.28,7.000000,Fog-Snow,324.000000,November
324,2016-11-19,39,25,10,25.000000,18.000000,7.000000,88.000000,71.000000,54.000000,30.620000,30.510000,30.340000,10.000000,10.000000,10.000000,13.000000,6.000000,16.000000,0,0.000000,,117.000000,November
325,2016-11-20,48,36,24,26.000000,23.000000,20.000000,81.000000,62.000000,42.000000,30.310000,30.170000,30.090000,10.000000,10.000000,10.000000,16.000000,6.000000,19.000000,0,0.000000,,161.000000,November
326,2016-11-21,42,32,21,33.000000,27.000000,19.000000,92.000000,76.000000,60.000000,30.090000,29.990000,29.840000,10.000000,10.000000,10.000000,17.000000,7.000000,25.000000,T,4.000000,Rain,140.000000,November
327,2016-11-22,41,39,37,37.000000,35.000000,33.000000,92.000000,86.000000,79.000000,30.050000,29.860000,29.750000,10.000000,6.000000,0.000000,17.000000,9.000000,21.000000,0.14,8.000000,Fog-Rain,11.000000,November
328,2016-11-23,38,35,32,34.000000,31.000000,30.000000,96.000000,86.000000,76.000000,30.190000,30.110000,30.000000,10.000000,9.000000,5.000000,23.000000,9.000000,29.000000,0,7.000000,,347.000000,November
329,2016-11-24,39,33,26,33.000000,31.000000,25.000000,96.000000,86.000000,75.000000,30.390000,30.150000,30.040000,10.000000,5.000000,0.000000,18.000000,8.000000,22.000000,T,7.000000,Fog,196.000000,November
330,2016-11-25,54,37,19,29.000000,23.000000,18.000000,92.000000,60.000000,28.000000,30.440000,30.350000,30.200000,10.000000,10.000000,10.000000,17.000000,6.000000,22.000000,0,0.000000,,235.000000,November
331,2016-11-26,59,39,19,30.000000,22.000000,17.000000,88.000000,56.000000,23.000000,30.170000,30.080000,29.940000,10.000000,10.000000,10.000000,8.000000,2.000000,11.000000,0,0.000000,,226.000000,November
332,2016-11-27,55,37,19,50.000000,39.000000,16.000000,93.000000,85.000000,76.000000,29.900000,29.340000,29.050000,10.000000,8.000000,2.000000,31.000000,8.000000,39.000000,0.35,6.000000,Rain-Thunderstorm,172.000000,November
333,2016-11-28,53,42,31,35.000000,25.000000,19.000000,70.000000,50.000000,29.000000,29.310000,29.170000,29.100000,10.000000,10.000000,10.000000,32.000000,14.000000,43.000000,0,2.000000,,280.000000,November
334,2016-11-29,37,34,30,27.000000,23.000000,20.000000,78.000000,67.000000,56.000000,29.790000,29.580000,29.320000,10.000000,8.000000,2.000000,33.000000,22.000000,42.000000,T,6.000000,Snow,309.000000,November
335,2016-11-30,32,29,25,21.000000,20.000000,19.000000,75.000000,67.000000,59.000000,29.980000,29.850000,29.730000,10.000000,9.000000,2.000000,31.000000,18.000000,39.000000,T,7.000000,Snow,315.000000,November
336,2016-12-1,41,33,24,22.000000,21.000000,19.000000,81.000000,65.000000,48.000000,30.150000,30.050000,29.990000,10.000000,10.000000,10.000000,16.000000,5.000000,19.000000,0,7.000000,,315.000000,December
337,2016-12-2,43,29,15,24.000000,19.000000,13.000000,91.000000,67.000000,43.000000,30.370000,30.300000,30.170000,10.000000,10.000000,10.000000,8.000000,2.000000,12.000000,0,1.000000,,309.000000,December
338,2016-12-3,38,29,19,31.000000,28.000000,17.000000,91.000000,81.000000,70.000000,30.340000,30.110000,29.990000,10.000000,10.000000,9.000000,21.000000,8.000000,27.000000,0,8.000000,,176.000000,December
339,2016-12-4,52,36,20,28.000000,21.000000,15.000000,92.000000,58.000000,24.000000,30.040000,29.940000,29.760000,10.000000,8.000000,0.000000,16.000000,6.000000,22.000000,0,1.000000,Fog,227.000000,December
340,2016-12-5,49,38,26,29.000000,21.000000,11.000000,64.000000,53.000000,42.000000,29.970000,29.730000,29.560000,10.000000,10.000000,10.000000,25.000000,12.000000,37.000000,0,4.000000,,234.000000,December
341,2016-12-6,32,24,15,10.000000,6.000000,1.000000,80.000000,54.000000,28.000000,30.250000,30.100000,29.970000,10.000000,10.000000,10.000000,25.000000,14.000000,32.000000,0,0.000000,,308.000000,December
342,2016-12-7,22,16,10,2.000000,0.000000,-2.000000,63.000000,51.000000,39.000000,30.610000,30.430000,30.250000,10.000000,10.000000,10.000000,25.000000,16.000000,33.000000,0,3.000000,,321.000000,December
343,2016-12-8,23,10,-3,1.000000,-2.000000,-7.000000,79.000000,59.000000,39.000000,30.770000,30.710000,30.620000,10.000000,10.000000,10.000000,24.000000,12.000000,31.000000,0,0.000000,,313.000000,December
344,2016-12-9,21,9,-4,10.000000,0.000000,-8.000000,86.000000,74.000000,62.000000,30.690000,30.590000,30.490000,10.000000,10.000000,10.000000,14.000000,6.000000,18.000000,T,3.000000,,127.000000,December
345,2016-12-10,31,22,12,20.000000,15.000000,9.000000,84.000000,71.000000,58.000000,30.470000,30.140000,29.780000,10.000000,8.000000,2.000000,21.000000,10.000000,28.000000,0,6.000000,Snow,131.000000,December
346,2016-12-11,26,15,3,18.000000,12.000000,-2.000000,88.000000,72.000000,55.000000,30.160000,29.960000,29.750000,10.000000,9.000000,6.000000,22.000000,12.000000,33.000000,0,3.000000,,329.000000,December
347,2016-12-12,51,27,2,21.000000,6.000000,-3.000000,87.000000,55.000000,22.000000,30.260000,30.090000,29.840000,10.000000,10.000000,9.000000,28.000000,10.000000,35.000000,0,0.000000,,332.000000,December
348,2016-12-13,24,12,0,6.000000,0.000000,-5.000000,83.000000,61.000000,39.000000,30.430000,30.320000,30.220000,10.000000,10.000000,9.000000,12.000000,6.000000,17.000000,T,1.000000,,252.000000,December
349,2016-12-14,24,13,1,6.000000,-3.000000,-10.000000,83.000000,54.000000,24.000000,30.530000,30.450000,30.280000,10.000000,10.000000,10.000000,31.000000,10.000000,36.000000,0,0.000000,,324.000000,December
350,2016-12-15,28,18,8,2.000000,-1.000000,-4.000000,69.000000,48.000000,26.000000,30.500000,30.230000,29.910000,10.000000,10.000000,10.000000,30.000000,12.000000,39.000000,T,3.000000,,150.000000,December
351,2016-12-16,24,16,8,20.000000,11.000000,2.000000,88.000000,65.000000,41.000000,29.920000,29.720000,29.570000,10.000000,6.000000,2.000000,29.000000,10.000000,35.000000,T,6.000000,Snow,39.000000,December
352,2016-12-17,8,-6,-20,0.000000,-9.000000,-26.000000,83.000000,70.000000,57.000000,30.520000,30.120000,29.790000,10.000000,6.000000,0.000000,30.000000,18.000000,40.000000,0,4.000000,Snow,339.000000,December
353,2016-12-18,24,-1,-26,3.000000,-13.000000,-32.000000,79.000000,60.000000,40.000000,30.610000,30.560000,30.500000,10.000000,10.000000,9.000000,14.000000,4.000000,18.000000,0,0.000000,,206.000000,December
354,2016-12-19,40,16,-8,19.000000,7.000000,-11.000000,79.000000,55.000000,30.000000,30.580000,30.350000,30.100000,10.000000,10.000000,10.000000,17.000000,9.000000,,0,0.000000,,209.000000,December
355,2016-12-20,49,34,19,23.000000,19.000000,15.000000,74.000000,50.000000,26.000000,30.330000,30.190000,29.970000,10.000000,10.000000,10.000000,18.000000,7.000000,25.000000,0,0.000000,,216.000000,December
356,2016-12-21,48,34,20,26.000000,21.000000,16.000000,75.000000,52.000000,28.000000,30.420000,30.150000,29.900000,10.000000,10.000000,10.000000,39.000000,16.000000,48.000000,0,0.000000,,313.000000,December
357,2016-12-22,46,29,12,30.000000,17.000000,9.000000,88.000000,58.000000,28.000000,30.460000,30.340000,30.110000,10.000000,10.000000,10.000000,23.000000,8.000000,27.000000,0,2.000000,,209.000000,December
358,2016-12-23,48,29,9,29.000000,21.000000,6.000000,82.000000,62.000000,42.000000,30.080000,29.900000,29.720000,10.000000,10.000000,10.000000,21.000000,10.000000,29.000000,0,4.000000,,216.000000,December
359,2016-12-24,45,24,3,31.000000,20.000000,-1.000000,92.000000,63.000000,34.000000,30.160000,30.030000,29.920000,10.000000,7.000000,0.000000,17.000000,7.000000,23.000000,0,3.000000,Fog,141.000000,December
360,2016-12-25,50,37,23,47.000000,34.000000,12.000000,100.000000,79.000000,57.000000,29.960000,29.550000,29.140000,10.000000,4.000000,0.000000,51.000000,19.000000,64.000000,0.31,6.000000,Fog-Rain-Snow,139.000000,December
361,2016-12-26,37,29,20,17.000000,12.000000,5.000000,74.000000,56.000000,38.000000,30.310000,30.090000,29.730000,10.000000,10.000000,10.000000,29.000000,17.000000,38.000000,0,0.000000,,288.000000,December
362,2016-12-27,48,29,10,22.000000,16.000000,7.000000,84.000000,55.000000,25.000000,30.300000,30.130000,29.890000,10.000000,10.000000,10.000000,18.000000,6.000000,22.000000,0,0.000000,Rain,212.000000,December
363,2016-12-28,49,36,22,22.000000,16.000000,7.000000,84.000000,52.000000,19.000000,30.230000,30.020000,29.870000,10.000000,10.000000,10.000000,26.000000,12.000000,32.000000,0,0.000000,,306.000000,December
364,2016-12-29,44,30,16,12.000000,9.000000,5.000000,62.000000,41.000000,20.000000,30.430000,30.360000,30.250000,10.000000,10.000000,10.000000,30.000000,16.000000,38.000000,0,0.000000,,301.000000,December
365,2016-12-30,62,38,14,23.000000,15.000000,9.000000,75.000000,46.000000,17.000000,30.280000,29.910000,29.640000,10.000000,10.000000,2.000000,20.000000,7.000000,24.000000,0,0.000000,,292.000000,December
366,2016-12-31,40,30,19,22.000000,15.000000,9.000000,84.000000,56.000000,27.000000,29.970000,29.880000,29.780000,10.000000,10.000000,10.000000,24.000000,8.000000,31.000000,0,1.000000,,287.000000,December
